{
  "created_at_unix": 1778915023.4469647,
  "source": "Camera_Tests/calibrate_mocap_cameras.py",
  "frame_width": 1280,
  "frame_height": 800,
  "focal_length_px": 850.0,
  "dist_coeffs": [
    0.0,
    0.0,
    0.0,
    0.0,
    0.0
  ],
  "target": {
    "name": "tetrahedral_ochem_reflective_target",
    "origin": "center carbon",
    "surface_gap_cm": {
      "short_small": 7.5,
      "short_large": 9.0,
      "long_small": 11.5,
      "long_large": 14.0
    },
    "points_m": {
      "short_small": [
        0.05427092530382483,
        0.05427092530382483,
        0.05427092530382483
      ],
      "short_large": [
        0.0646632301492381,
        -0.0646632301492381,
        -0.0646632301492381
      ],
      "long_small": [
        -0.07736493607140987,
        0.07736493607140987,
        -0.07736493607140987
      ],
      "long_large": [
        -0.09353074360871938,
        -0.09353074360871938,
        0.09353074360871938
      ]
    },
    "marker_radii_m": {
      "short_small": 0.008,
      "short_large": 0.011000000000000001,
      "long_small": 0.008,
      "long_large": 0.011000000000000001
    }
  },
  "cameras": [
    {
      "id": 0,
      "name": "camera_0",
      "intrinsic": [
        [
          850.0,
          0.0,
          640.0
        ],
        [
          0.0,
          850.0,
          400.0
        ],
        [
          0.0,
          0.0,
          1.0
        ]
      ],
      "dist_coeffs": [
        0.0,
        0.0,
        0.0,
        0.0,
        0.0
      ],
      "rotation": [
        [
          0.8475576600352765,
          0.22494995722681516,
          -0.4806698759639305
        ],
        [
          0.2133437866165303,
          -0.9737359576978207,
          -0.07951549156251464
        ],
        [
          -0.4859325484340874,
          -0.03515396748536319,
          -0.8732890454725694
        ]
      ],
      "translation": [
        -0.23474451521033385,
        0.09825311154252163,
        1.3865345232042503
      ],
      "rvec": [
        2.997292623258866,
        0.35557320677251303,
        -0.784172552187131
      ],
      "tvec": [
        -0.23474451521033385,
        0.09825311154252163,
        1.3865345232042503
      ],
      "position": [
        0.8517600755069317,
        0.19722054586649793,
        1.1058234377362899
      ],
      "euler_xyz_deg": [
        -177.6948215617734,
        29.073588525097417,
        14.128739720487879
      ],
      "marker_count": 4,
      "used_target_labels": [
        "short_small",
        "short_large",
        "long_small",
        "long_large"
      ],
      "missing_target_labels": [],
      "reprojection_error_px": 1.0740446871543363,
      "size_error": 0.10806795720096588,
      "assigned_pixels": {
        "short_small": [
          509.15268817204293,
          433.8150537634408
        ],
        "short_large": [
          540.460396039604,
          507.56765676567653
        ],
        "long_small": [
          500.7463768115942,
          407.1159420289855
        ],
        "long_large": [
          401.126582278481,
          502.7995780590717
        ]
      }
    },
    {
      "id": 2,
      "name": "camera_2",
      "intrinsic": [
        [
          850.0,
          0.0,
          640.0
        ],
        [
          0.0,
          850.0,
          400.0
        ],
        [
          0.0,
          0.0,
          1.0
        ]
      ],
      "dist_coeffs": [
        0.0,
        0.0,
        0.0,
        0.0,
        0.0
      ],
      "rotation": [
        [
          0.9608710281331206,
          0.1840101611413744,
          0.20704378254641106
        ],
        [
          0.2130629214740221,
          -0.968625702460002,
          -0.12793920441687337
        ],
        [
          0.17700581568794518,
          0.16704642806894507,
          -0.9699301171125949
        ]
      ],
      "translation": [
        0.0002828680363088786,
        0.15107185817837823,
        1.4690697447850576
      ],
      "rvec": [
        2.962491072351121,
        0.3016662469283553,
        0.29177198356182077
      ],
      "tvec": [
        0.0002828680363088786,
        0.15107185817837823,
        1.4690697447850576
      ],
      "position": [
        -0.2924934996350291,
        -0.09912281929347413,
        1.4441644368828623
      ],
      "euler_xyz_deg": [
        170.22808582060244,
        -10.195405368976168,
        12.502440671508671
      ],
      "marker_count": 4,
      "used_target_labels": [
        "short_small",
        "short_large",
        "long_small",
        "long_large"
      ],
      "missing_target_labels": [],
      "reprojection_error_px": 0.7897891995822335,
      "size_error": 0.28541385892990395,
      "assigned_pixels": {
        "short_small": [
          682.72,
          460.7733333333333
        ],
        "short_large": [
          660.5806451612904,
          531.5967741935484
        ],
        "long_small": [
          598.6666666666666,
          437.56862745098033
        ],
        "long_large": [
          585.2741935483871,
          532.6559139784946
        ]
      }
    }
  ]
}
