{
  "created_at_unix": 1777778644.1704636,
  "source": "Camera_Tests/mocap_movement_alignment.py",
  "frame_width": 1280,
  "frame_height": 800,
  "focal_length_px": 850.0,
  "dist_coeffs": [
    0.0,
    0.0,
    0.0,
    0.0,
    0.0
  ],
  "target": {
    "name": "tetrahedral_ochem_reflective_target",
    "origin": "center carbon",
    "surface_gap_cm": {
      "short_small": 8.9,
      "short_large": 7.5,
      "long_small": 13.9,
      "long_large": 11.3
    },
    "points_m": {
      "short_small": [
        0.0623538290724796,
        0.0623538290724796,
        0.0623538290724796
      ],
      "short_large": [
        0.05600297611139371,
        -0.05600297611139371,
        -0.05600297611139371
      ],
      "long_small": [
        -0.09122134253196089,
        0.09122134253196089,
        -0.09122134253196089
      ],
      "long_large": [
        -0.07794228634059949,
        -0.07794228634059949,
        0.07794228634059949
      ]
    },
    "marker_radii_m": {
      "short_small": 0.008,
      "short_large": 0.011000000000000001,
      "long_small": 0.008,
      "long_large": 0.011000000000000001
    }
  },
  "cameras": [
    {
      "id": 1,
      "name": "camera_1",
      "intrinsic": [
        [
          850.0,
          0.0,
          640.0
        ],
        [
          0.0,
          850.0,
          400.0
        ],
        [
          0.0,
          0.0,
          1.0
        ]
      ],
      "dist_coeffs": [
        0.0,
        0.0,
        0.0,
        0.0,
        0.0
      ],
      "rotation": [
        [
          0.1268421928020105,
          0.9841652342966196,
          0.12381377034505164
        ],
        [
          0.021783633638755844,
          0.12202806746254372,
          -0.9922875712498113
        ],
        [
          -0.991683685169152,
          0.12856104524013698,
          -0.005960387243577255
        ]
      ],
      "translation": [
        0.11552134724337684,
        0.05844302651859875,
        0.4483293183534578
      ],
      "rvec": [
        1.1861526255197588,
        1.1804896898230226,
        -1.0184528450836254
      ],
      "tvec": [
        0.11552134724337684,
        0.05844302651859875,
        0.4483293183534578
      ],
      "position": [
        0.4286747881159172,
        -0.1784614691380846,
        0.04636137163312186
      ],
      "euler_xyz_deg": [
        92.6544639825536,
        82.6055729511118,
        9.744804481401117
      ],
      "marker_count": 4,
      "used_target_labels": [
        "short_small",
        "short_large",
        "long_small",
        "long_large"
      ],
      "missing_target_labels": [],
      "reprojection_error_px": 1.1061904217554943,
      "size_error": 0.02669191011847568,
      "assigned_pixels": {
        "short_small": [
          857.7013096746936,
          395.2412336290663
        ],
        "short_large": [
          749.6980728051392,
          294.3276231263383
        ],
        "long_small": [
          498.43949044585986,
          417.54617834394907
        ],
        "long_large": [
          770.0129151291513,
          550.050430504305
        ]
      }
    },
    {
      "id": 2,
      "name": "camera_2",
      "intrinsic": [
        [
          850.0,
          0.0,
          640.0
        ],
        [
          0.0,
          850.0,
          400.0
        ],
        [
          0.0,
          0.0,
          1.0
        ]
      ],
      "dist_coeffs": [
        0.0,
        0.0,
        0.0,
        0.0,
        0.0
      ],
      "rotation": [
        [
          -0.6713520910466383,
          0.7350870155371236,
          0.09451692671702167
        ],
        [
          -0.009218362187045007,
          0.11923732678702426,
          -0.9928229860852702
        ],
        [
          -0.7410812314759392,
          -0.6674050790107976,
          -0.07327393032106491
        ]
      ],
      "translation": [
        0.06939910212605876,
        0.07822726509211975,
        0.4768831447126243
      ],
      "rvec": [
        0.7035549366046305,
        1.8065668681221487,
        -1.6091914779581322
      ],
      "tvec": [
        0.06939910212605876,
        0.07822726509211975,
        0.4768831447126243
      ],
      "position": [
        0.40072150774536003,
        0.25793224404160187,
        0.1060495393891297
      ],
      "euler_xyz_deg": [
        -96.26536980424696,
        47.823601525057285,
        -179.2133188174203
      ],
      "marker_count": 4,
      "used_target_labels": [
        "short_small",
        "short_large",
        "long_small",
        "long_large"
      ],
      "missing_target_labels": [],
      "reprojection_error_px": 2.9926398764582416,
      "size_error": 0.14304299548700264,
      "assigned_pixels": {
        "short_small": [
          811.1228813559322,
          431.36487758945384
        ],
        "short_large": [
          893.7896825396825,
          329.58267195767195
        ],
        "long_small": [
          640.0280112044818,
          445.66666666666663
        ],
        "long_large": [
          920.2460890493381,
          588.9374247894103
        ]
      }
    }
  ],
  "aligned_from": "C:\\Users\\get2a\\Documents\\School Stuff\\Jazz-Hands\\camera_tests\\mocap_calibration.json",
  "world_axes": {
    "units": "meters",
    "origin": "origin capture",
    "x_positive": "forward capture projected onto the horizontal plane",
    "y_positive": "left when looking along +X",
    "z_positive": "up capture",
    "right_handed": true
  },
  "movement_alignment": {
    "captures": {
      "origin": {
        "position_old_world_m": [
          0.019851915569935732,
          0.09495844535050195,
          0.10605315176104359
        ],
        "std_m": 0.0007473978941053252,
        "reprojection_error_px": 0.6966670520553393,
        "sample_count": 30,
        "captured_at_unix": 1777778615.6333039
      },
      "up": {
        "position_old_world_m": [
          0.15012536924203104,
          0.08815935021663204,
          0.015365892237969607
        ],
        "std_m": 0.0014518654891994274,
        "reprojection_error_px": 0.2718958765495164,
        "sample_count": 30,
        "captured_at_unix": 1777778621.3653889
      },
      "forward": {
        "position_old_world_m": [
          0.157786229339917,
          0.18734777786770287,
          0.0751860590647955
        ],
        "std_m": 0.0008337737682806138,
        "reprojection_error_px": 0.5298679623359476,
        "sample_count": 30,
        "captured_at_unix": 1777778630.1002333
      }
    },
    "origin_old_world_m": [
      0.019851915569935732,
      0.09495844535050195,
      0.10605315176104359
    ],
    "axes_old_world": {
      "x": [
        0.3046844515866299,
        0.8768262771034234,
        0.37194497542285077
      ],
      "y": [
        0.48457972782899134,
        -0.47889901779245364,
        0.7320097117761513
      ],
      "z": [
        0.8199694337830742,
        -0.042794982630837725,
        -0.570805323313554
      ]
    },
    "new_from_old": [
      [
        0.3046844515866299,
        0.8768262771034234,
        0.37194497542285077
      ],
      [
        0.48457972782899134,
        -0.47889901779245364,
        0.7320097117761513
      ],
      [
        0.8199694337830742,
        -0.042794982630837725,
        -0.570805323313554
      ]
    ],
    "old_from_new": [
      [
        0.3046844515866299,
        0.48457972782899134,
        0.8199694337830742
      ],
      [
        0.8768262771034234,
        -0.47889901779245364,
        -0.042794982630837725
      ],
      [
        0.37194497542285077,
        0.7320097117761513,
        -0.570805323313554
      ]
    ]
  }
}
