{
  "created_at_unix": 1777707853.4531941,
  "source": "Camera_Tests/calibrate_mocap_cameras.py",
  "frame_width": 1280,
  "frame_height": 800,
  "focal_length_px": 850.0,
  "dist_coeffs": [
    0.0,
    0.0,
    0.0,
    0.0,
    0.0
  ],
  "target": {
    "name": "tetrahedral_ochem_reflective_target",
    "origin": "center carbon",
    "surface_gap_cm": {
      "short_small": 8.9,
      "short_large": 7.5,
      "long_small": 13.9,
      "long_large": 11.3
    },
    "points_m": {
      "short_small": [
        0.0623538290724796,
        0.0623538290724796,
        0.0623538290724796
      ],
      "short_large": [
        0.05600297611139371,
        -0.05600297611139371,
        -0.05600297611139371
      ],
      "long_small": [
        -0.09122134253196089,
        0.09122134253196089,
        -0.09122134253196089
      ],
      "long_large": [
        -0.07794228634059949,
        -0.07794228634059949,
        0.07794228634059949
      ]
    },
    "marker_radii_m": {
      "short_small": 0.008,
      "short_large": 0.011000000000000001,
      "long_small": 0.008,
      "long_large": 0.011000000000000001
    }
  },
  "cameras": [
    {
      "id": 1,
      "name": "camera_1",
      "intrinsic": [
        [
          850.0,
          0.0,
          640.0
        ],
        [
          0.0,
          850.0,
          400.0
        ],
        [
          0.0,
          0.0,
          1.0
        ]
      ],
      "dist_coeffs": [
        0.0,
        0.0,
        0.0,
        0.0,
        0.0
      ],
      "rotation": [
        [
          -0.2438466362177084,
          0.7712462019692727,
          0.587977987643483
        ],
        [
          0.47159163174799207,
          -0.43547465317115996,
          0.7667875581350572
        ],
        [
          0.8474315021702783,
          0.4642640653695151,
          -0.25752422553227083
        ]
      ],
      "translation": [
        -0.272424130797627,
        -0.14321826162462342,
        0.9384034071176858
      ],
      "rvec": [
        -1.7531687189799225,
        -1.5035717773174873,
        -1.7365428853436775
      ],
      "tvec": [
        -0.272424130797627,
        -0.14321826162462342,
        0.9384034071176858
      ],
      "position": [
        -0.794121783159315,
        -0.28792882735137004,
        0.5116589839782327
      ],
      "euler_xyz_deg": [
        119.01684404157815,
        -57.933394740755645,
        117.34220049553271
      ],
      "marker_count": 4,
      "used_target_labels": [
        "short_small",
        "short_large",
        "long_small",
        "long_large"
      ],
      "missing_target_labels": [],
      "reprojection_error_px": 2.178822231749979,
      "size_error": 0.2354627044993281,
      "assigned_pixels": {
        "short_small": [
          465.2233676975945,
          320.3298969072165
        ],
        "short_large": [
          325.62893081761007,
          284.3689727463312
        ],
        "long_small": [
          427.24786324786317,
          126.74358974358974
        ],
        "long_large": [
          361.11420612813373,
          310.4275766016713
        ]
      }
    },
    {
      "id": 2,
      "name": "camera_2",
      "intrinsic": [
        [
          850.0,
          0.0,
          640.0
        ],
        [
          0.0,
          850.0,
          400.0
        ],
        [
          0.0,
          0.0,
          1.0
        ]
      ],
      "dist_coeffs": [
        0.0,
        0.0,
        0.0,
        0.0,
        0.0
      ],
      "rotation": [
        [
          0.7334353353414174,
          0.45006614906344555,
          -0.5094242537805036
        ],
        [
          0.6499390868289853,
          -0.24476855795624175,
          0.7194911649547384
        ],
        [
          0.19912757791056296,
          -0.8587949781544033,
          -0.4720374913206051
        ]
      ],
      "translation": [
        -0.5284482324181435,
        -0.17225122567028792,
        1.1030656759273751
      ],
      "rvec": [
        -1.8893807771505229,
        -0.8482138782354616,
        0.23926972186608064
      ],
      "tvec": [
        -0.5284482324181435,
        -0.17225122567028792,
        1.1030656759273751
      ],
      "position": [
        0.27988461454780456,
        1.1429822398912293,
        0.37541724298778384
      ],
      "euler_xyz_deg": [
        -118.79543789636101,
        -11.485946808073926,
        41.545992215218064
      ],
      "marker_count": 4,
      "used_target_labels": [
        "short_small",
        "short_large",
        "long_small",
        "long_large"
      ],
      "missing_target_labels": [],
      "reprojection_error_px": 6.865011213338234,
      "size_error": 0.12881775439863197,
      "assigned_pixels": {
        "short_small": [
          237.08405797101446,
          318.91594202898546
        ],
        "short_large": [
          286.05185185185184,
          280.1925925925926
        ],
        "long_small": [
          233.6969696969697,
          135.87878787878788
        ],
        "long_large": [
          142.55026455026453,
          293.57142857142856
        ]
      }
    }
  ]
}
