{
  "created_at_unix": 1777874786.40651,
  "source": "Camera_Tests/calibrate_mocap_cameras.py",
  "frame_width": 1280,
  "frame_height": 800,
  "focal_length_px": 850.0,
  "dist_coeffs": [
    0.0,
    0.0,
    0.0,
    0.0,
    0.0
  ],
  "target": {
    "name": "tetrahedral_ochem_reflective_target",
    "origin": "center carbon",
    "surface_gap_cm": {
      "short_small": 8.9,
      "short_large": 7.5,
      "long_small": 13.9,
      "long_large": 11.3
    },
    "points_m": {
      "short_small": [
        0.0623538290724796,
        0.0623538290724796,
        0.0623538290724796
      ],
      "short_large": [
        0.05600297611139371,
        -0.05600297611139371,
        -0.05600297611139371
      ],
      "long_small": [
        -0.09122134253196089,
        0.09122134253196089,
        -0.09122134253196089
      ],
      "long_large": [
        -0.07794228634059949,
        -0.07794228634059949,
        0.07794228634059949
      ]
    },
    "marker_radii_m": {
      "short_small": 0.008,
      "short_large": 0.011000000000000001,
      "long_small": 0.008,
      "long_large": 0.011000000000000001
    }
  },
  "cameras": [
    {
      "id": 1,
      "name": "camera_1",
      "intrinsic": [
        [
          850.0,
          0.0,
          640.0
        ],
        [
          0.0,
          850.0,
          400.0
        ],
        [
          0.0,
          0.0,
          1.0
        ]
      ],
      "dist_coeffs": [
        0.0,
        0.0,
        0.0,
        0.0,
        0.0
      ],
      "rotation": [
        [
          0.5655812954405909,
          -0.8184590127297582,
          -0.1012059421633541
        ],
        [
          -0.6800391530296268,
          -0.3934266073495104,
          -0.6186778280948833
        ],
        [
          0.4665453339113901,
          0.4187366106646082,
          -0.7790989040517423
        ]
      ],
      "translation": [
        0.20406703543651528,
        0.06931970162398753,
        0.9999778673499441
      ],
      "rvec": [
        2.181587416496988,
        -1.193928861319733,
        0.29108426953858263
      ],
      "tvec": [
        0.20406703543651528,
        0.06931970162398753,
        0.9999778673499441
      ],
      "position": [
        -0.5348113951050417,
        -0.2244346235272741,
        0.8426210195590891
      ],
      "euler_xyz_deg": [
        151.74362793108,
        -27.81027933252083,
        -50.2500646448635
      ],
      "marker_count": 4,
      "used_target_labels": [
        "short_small",
        "short_large",
        "long_small",
        "long_large"
      ],
      "missing_target_labels": [],
      "reprojection_error_px": 2.313990786437851,
      "size_error": 0.16863892136002656,
      "assigned_pixels": {
        "short_small": [
          796.1800766283524,
          371.15325670498083
        ],
        "short_large": [
          873.6185567010309,
          468.6151202749141
        ],
        "long_small": [
          707.4592592592592,
          522.6148148148147
        ],
        "long_large": [
          850.0353260869565,
          501.9003623188405
        ]
      }
    },
    {
      "id": 2,
      "name": "camera_2",
      "intrinsic": [
        [
          850.0,
          0.0,
          640.0
        ],
        [
          0.0,
          850.0,
          400.0
        ],
        [
          0.0,
          0.0,
          1.0
        ]
      ],
      "dist_coeffs": [
        0.0,
        0.0,
        0.0,
        0.0,
        0.0
      ],
      "rotation": [
        [
          0.6351934853882316,
          -0.7680218275013991,
          -0.08168052767803671
        ],
        [
          -0.6150677419803,
          -0.439039371295915,
          -0.6549321363525713
        ],
        [
          0.46714120873201337,
          0.4662476841052394,
          -0.7512603997089788
        ]
      ],
      "translation": [
        -0.16241834984229334,
        0.11509827504044907,
        0.9783822603448263
      ],
      "rvec": [
        2.1944795470179157,
        -1.0742059868852525,
        0.2993762518592454
      ],
      "tvec": [
        -0.16241834984229334,
        0.11509827504044907,
        0.9783822603448263
      ],
      "position": [
        -0.2830823578371536,
        -0.5303766266100614,
        0.7971349906178511
      ],
      "euler_xyz_deg": [
        148.17540948895825,
        -27.848885650011603,
        -44.07777626952927
      ],
      "marker_count": 4,
      "used_target_labels": [
        "short_small",
        "short_large",
        "long_small",
        "long_large"
      ],
      "missing_target_labels": [],
      "reprojection_error_px": 1.661046864135712,
      "size_error": 0.1964435171233669,
      "assigned_pixels": {
        "short_small": [
          490.1653944020356,
          409.1730279898219
        ],
        "short_large": [
          575.032679738562,
          516.1124183006535
        ],
        "long_small": [
          408.83647798742135,
          555.2389937106918
        ],
        "long_large": [
          480.3069444444444,
          546.686111111111
        ]
      }
    }
  ]
}
