{
  "created_at_unix": 1777265401.0325813,
  "source": "Camera_Tests/calibrate_mocap_cameras.py",
  "frame_width": 1280,
  "frame_height": 800,
  "focal_length_px": 850.0,
  "dist_coeffs": [
    0.0,
    0.0,
    0.0,
    0.0,
    0.0
  ],
  "target": {
    "name": "tetrahedral_ochem_reflective_target",
    "origin": "center carbon",
    "points_m": {
      "short_small": [
        0.021361959960016157,
        0.021361959960016157,
        0.021361959960016157
      ],
      "short_large": [
        0.023094010767585035,
        -0.023094010767585035,
        -0.023094010767585035
      ],
      "long_small": [
        -0.029444863728670924,
        0.029444863728670924,
        -0.029444863728670924
      ],
      "long_large": [
        -0.0311769145362398,
        -0.0311769145362398,
        0.0311769145362398
      ]
    },
    "marker_radii_m": {
      "short_small": 0.008,
      "short_large": 0.011000000000000001,
      "long_small": 0.008,
      "long_large": 0.011000000000000001
    }
  },
  "cameras": [
    {
      "id": 1,
      "name": "camera_1",
      "intrinsic": [
        [
          850.0,
          0.0,
          640.0
        ],
        [
          0.0,
          850.0,
          400.0
        ],
        [
          0.0,
          0.0,
          1.0
        ]
      ],
      "dist_coeffs": [
        0.0,
        0.0,
        0.0,
        0.0,
        0.0
      ],
      "rotation": [
        [
          -0.3897494554395352,
          0.9204356415647702,
          0.029893004563534997
        ],
        [
          0.7304045701008769,
          0.2891867540282326,
          0.6187731290791219
        ],
        [
          0.560896181089102,
          0.26300047724645725,
          -0.7850007789854714
        ]
      ],
      "translation": [
        0.021079000254718407,
        0.030032899594640797,
        0.48119039358320437
      ],
      "rvec": [
        -1.4947921641704287,
        -2.2310297976286133,
        -0.7984226868195109
      ],
      "tvec": [
        0.021079000254718407,
        0.030032899594640797,
        0.48119039358320437
      ],
      "position": [
        -0.28361849238440134,
        -0.15464028302961902,
        0.35852116789483696
      ],
      "euler_xyz_deg": [
        161.47749575565965,
        -34.11779731714236,
        118.08472144944685
      ],
      "marker_count": 3,
      "used_target_labels": [
        "short_small",
        "long_small",
        "long_large"
      ],
      "missing_target_labels": [
        "short_large"
      ],
      "reprojection_error_px": 0.0,
      "size_error": 0.007775206575479997,
      "assigned_pixels": {
        "short_small": [
          698.2877991827204,
          514.6771745475772
        ],
        "long_small": [
          740.8216582064297,
          397.9786802030457
        ],
        "long_large": [
          650.7786989795918,
          434.5825892857143
        ]
      }
    },
    {
      "id": 2,
      "name": "camera_2",
      "intrinsic": [
        [
          850.0,
          0.0,
          640.0
        ],
        [
          0.0,
          850.0,
          400.0
        ],
        [
          0.0,
          0.0,
          1.0
        ]
      ],
      "dist_coeffs": [
        0.0,
        0.0,
        0.0,
        0.0,
        0.0
      ],
      "rotation": [
        [
          -0.0977429801881744,
          0.8752173035718925,
          0.47375202516958104
        ],
        [
          0.7789026735356716,
          -0.22903632786411432,
          0.5838261604942901
        ],
        [
          0.6194811821055719,
          0.4260716278360567,
          -0.6593224044200348
        ]
      ],
      "translation": [
        -0.02384596175081467,
        -0.09470083431884749,
        0.45377811787249867
      ],
      "rvec": [
        -2.026544425559531,
        -1.8720641851219029,
        -1.2372758697373964
      ],
      "tvec": [
        -0.02384596175081467,
        -0.09470083431884749,
        0.45377811787249867
      ],
      "position": [
        -0.2096750472032659,
        -0.19416151435174772,
        0.36577197691643726
      ],
      "euler_xyz_deg": [
        147.1283833971993,
        -38.27825753378703,
        97.15254787948089
      ],
      "marker_count": 3,
      "used_target_labels": [
        "short_small",
        "long_small",
        "long_large"
      ],
      "missing_target_labels": [
        "short_large"
      ],
      "reprojection_error_px": 9.473903143468003e-14,
      "size_error": 0.015082612054145572,
      "assigned_pixels": {
        "short_small": [
          645.3033118894448,
          270.33166547533955
        ],
        "long_small": [
          623.3692653192171,
          142.59801090792428
        ],
        "long_large": [
          569.3159515295987,
          201.3212157330155
        ]
      }
    }
  ]
}
