{
  "created_at_unix": 1778568408.2257152,
  "source": "Camera_Tests/mocap_movement_alignment.py",
  "frame_width": 1280,
  "frame_height": 800,
  "focal_length_px": 850.0,
  "dist_coeffs": [
    0.0,
    0.0,
    0.0,
    0.0,
    0.0
  ],
  "target": {
    "name": "tetrahedral_ochem_reflective_target",
    "origin": "center carbon",
    "surface_gap_cm": {
      "short_small": 7.5,
      "short_large": 9.0,
      "long_small": 11.5,
      "long_large": 14.0
    },
    "points_m": {
      "short_small": [
        0.05427092530382483,
        0.05427092530382483,
        0.05427092530382483
      ],
      "short_large": [
        0.0646632301492381,
        -0.0646632301492381,
        -0.0646632301492381
      ],
      "long_small": [
        -0.07736493607140987,
        0.07736493607140987,
        -0.07736493607140987
      ],
      "long_large": [
        -0.09353074360871938,
        -0.09353074360871938,
        0.09353074360871938
      ]
    },
    "marker_radii_m": {
      "short_small": 0.008,
      "short_large": 0.011000000000000001,
      "long_small": 0.008,
      "long_large": 0.011000000000000001
    }
  },
  "cameras": [
    {
      "id": 0,
      "name": "camera_0",
      "intrinsic": [
        [
          850.0,
          0.0,
          640.0
        ],
        [
          0.0,
          850.0,
          400.0
        ],
        [
          0.0,
          0.0,
          1.0
        ]
      ],
      "dist_coeffs": [
        0.0,
        0.0,
        0.0,
        0.0,
        0.0
      ],
      "rotation": [
        [
          0.6142138681095674,
          0.7864353822194063,
          0.06527414354320958
        ],
        [
          -0.04089824449953044,
          0.11432781706837614,
          -0.9926008683460018
        ],
        [
          -0.7880790936313053,
          0.6069996209535854,
          0.10238555729918122
        ]
      ],
      "translation": [
        0.1438458631495197,
        0.043961401657884966,
        1.9202001478832458
      ],
      "rvec": [
        1.3287727772293068,
        0.7088723456283155,
        -0.6872581048983554
      ],
      "tvec": [
        0.1438458631495197,
        0.043961401657884966,
        1.9202001478832458
      ],
      "position": [
        1.4267154122714474,
        -1.283712249373634,
        -0.16235405232699096
      ],
      "euler_xyz_deg": [
        80.425764858185,
        52.006360432384774,
        -3.809491963722994
      ],
      "marker_count": 4,
      "used_target_labels": [
        "short_small",
        "short_large",
        "long_small",
        "long_large"
      ],
      "missing_target_labels": [],
      "reprojection_error_px": 0.6896364416884435,
      "size_error": 0.19160379660685137,
      "assigned_pixels": {
        "short_small": [
          691.0522875816993,
          409.5424836601307
        ],
        "short_large": [
          722.545029239766,
          441.87134502923976
        ],
        "long_small": [
          649.9573170731708,
          478.4817073170732
        ],
        "long_large": [
          637.9142857142857,
          381.4714285714286
        ]
      }
    },
    {
      "id": 2,
      "name": "camera_2",
      "intrinsic": [
        [
          850.0,
          0.0,
          640.0
        ],
        [
          0.0,
          850.0,
          400.0
        ],
        [
          0.0,
          0.0,
          1.0
        ]
      ],
      "dist_coeffs": [
        0.0,
        0.0,
        0.0,
        0.0,
        0.0
      ],
      "rotation": [
        [
          -0.33597922545921993,
          0.9417910156355845,
          0.01215084062593662
        ],
        [
          -0.10190692412373271,
          -0.023523697360688028,
          -0.9945157688433716
        ],
        [
          -0.9363401833070408,
          -0.33537489251668345,
          0.10387849918996965
        ]
      ],
      "translation": [
        0.01755150789140327,
        0.19237071521291765,
        1.8199053731019261
      ],
      "rvec": [
        0.9524844792077235,
        1.3706068177696218,
        -1.5081845540241092
      ],
      "tvec": [
        0.01755150789140327,
        0.19237071521291765,
        1.8199053731019261
      ],
      "position": [
        1.729551380557552,
        0.5983459869373402,
        0.002053405342200776
      ],
      "euler_xyz_deg": [
        -72.79023669584267,
        69.44575075476293,
        -163.126758369052
      ],
      "marker_count": 4,
      "used_target_labels": [
        "short_small",
        "short_large",
        "long_small",
        "long_large"
      ],
      "missing_target_labels": [],
      "reprojection_error_px": 0.9620010984885378,
      "size_error": 0.05665081623033105,
      "assigned_pixels": {
        "short_small": [
          659.1875,
          480.09375
        ],
        "short_large": [
          622.911214953271,
          515.3006230529595
        ],
        "long_small": [
          625.9156118143459,
          551.6962025316456
        ],
        "long_large": [
          566.1120218579234,
          460.275956284153
        ]
      }
    }
  ],
  "aligned_from": "C:\\Users\\get2a\\Documents\\School Stuff\\Jazz-Hands\\camera_tests\\mocap_calibration.json",
  "world_axes": {
    "units": "meters",
    "origin": "origin capture",
    "x_positive": "forward capture projected onto the horizontal plane",
    "y_positive": "left when looking along +X",
    "z_positive": "up capture",
    "right_handed": true
  },
  "movement_alignment": {
    "captures": {
      "origin": {
        "position_old_world_m": [
          0.06198111379755579,
          0.010125403498710496,
          0.01386547547914995
        ],
        "std_m": 0.0014905753360582531,
        "reprojection_error_px": 0.09168792194165107,
        "sample_count": 30,
        "captured_at_unix": 1778568375.3204005
      },
      "up": {
        "position_old_world_m": [
          0.11665752031394709,
          -0.045553886034191964,
          0.20974547960335096
        ],
        "std_m": 0.0009459238304389436,
        "reprojection_error_px": 1.0042067828243082,
        "sample_count": 30,
        "captured_at_unix": 1778568389.368884
      },
      "forward": {
        "position_old_world_m": [
          0.22153208805038738,
          -0.2797942040561304,
          0.08240406774451828
        ],
        "std_m": 0.0039364043847188316,
        "reprojection_error_px": 1.6631555359490033,
        "sample_count": 30,
        "captured_at_unix": 1778568405.895337
      }
    },
    "origin_old_world_m": [
      0.06198111379755579,
      0.010125403498710496,
      0.01386547547914995
    ],
    "axes_old_world": {
      "x": [
        0.39458702484335334,
        -0.8489829184539065,
        -0.351467045395096
      ],
      "y": [
        0.8815092956745636,
        0.45770754606071584,
        -0.11595328334468388
      ],
      "z": [
        0.2593114757672821,
        -0.2640678065432538,
        0.9289917933344884
      ]
    },
    "new_from_old": [
      [
        0.39458702484335334,
        -0.8489829184539065,
        -0.351467045395096
      ],
      [
        0.8815092956745636,
        0.45770754606071584,
        -0.11595328334468388
      ],
      [
        0.2593114757672821,
        -0.2640678065432538,
        0.9289917933344884
      ]
    ],
    "old_from_new": [
      [
        0.39458702484335334,
        0.8815092956745636,
        0.2593114757672821
      ],
      [
        -0.8489829184539065,
        0.45770754606071584,
        -0.2640678065432538
      ],
      [
        -0.351467045395096,
        -0.11595328334468388,
        0.9289917933344884
      ]
    ]
  }
}
