{
  "created_at_unix": 1777793820.721329,
  "source": "Camera_Tests/calibrate_mocap_cameras.py",
  "frame_width": 1280,
  "frame_height": 800,
  "focal_length_px": 850.0,
  "dist_coeffs": [
    0.0,
    0.0,
    0.0,
    0.0,
    0.0
  ],
  "target": {
    "name": "tetrahedral_ochem_reflective_target",
    "origin": "center carbon",
    "surface_gap_cm": {
      "short_small": 8.9,
      "short_large": 7.5,
      "long_small": 13.9,
      "long_large": 11.3
    },
    "points_m": {
      "short_small": [
        0.0623538290724796,
        0.0623538290724796,
        0.0623538290724796
      ],
      "short_large": [
        0.05600297611139371,
        -0.05600297611139371,
        -0.05600297611139371
      ],
      "long_small": [
        -0.09122134253196089,
        0.09122134253196089,
        -0.09122134253196089
      ],
      "long_large": [
        -0.07794228634059949,
        -0.07794228634059949,
        0.07794228634059949
      ]
    },
    "marker_radii_m": {
      "short_small": 0.008,
      "short_large": 0.011000000000000001,
      "long_small": 0.008,
      "long_large": 0.011000000000000001
    }
  },
  "cameras": [
    {
      "id": 1,
      "name": "camera_1",
      "intrinsic": [
        [
          850.0,
          0.0,
          640.0
        ],
        [
          0.0,
          850.0,
          400.0
        ],
        [
          0.0,
          0.0,
          1.0
        ]
      ],
      "dist_coeffs": [
        0.0,
        0.0,
        0.0,
        0.0,
        0.0
      ],
      "rotation": [
        [
          0.7715907795746844,
          -0.5036259689861834,
          0.3885981886705837
        ],
        [
          0.6062463536058323,
          0.7671998238999038,
          -0.20945116124669388
        ],
        [
          -0.19264741787774586,
          0.3971968196885321,
          0.8972857174915652
        ]
      ],
      "translation": [
        0.1828768467206801,
        0.05107568846358004,
        0.7390556649762047
      ],
      "rvec": [
        0.3354923320019233,
        0.32144414905353935,
        0.6137886639905323
      ],
      "tvec": [
        0.1828768467206801,
        0.05107568846358004,
        0.7390556649762047
      ],
      "position": [
        -0.029693373090736275,
        -0.24063428976132645,
        -0.7235118417396527
      ],
      "euler_xyz_deg": [
        23.877286707515122,
        11.10732495352509,
        38.157063843564586
      ],
      "marker_count": 4,
      "used_target_labels": [
        "short_small",
        "short_large",
        "long_small",
        "long_large"
      ],
      "missing_target_labels": [],
      "reprojection_error_px": 7.635128029146716,
      "size_error": 0.1588126846998132,
      "assigned_pixels": {
        "short_small": [
          868.7479674796747,
          531.439024390244
        ],
        "short_large": [
          938.7233954451344,
          463.431884057971
        ],
        "long_small": [
          677.8315508021391,
          508.861853832442
        ],
        "long_large": [
          855.249506903353,
          320.5621301775148
        ]
      }
    },
    {
      "id": 2,
      "name": "camera_2",
      "intrinsic": [
        [
          850.0,
          0.0,
          640.0
        ],
        [
          0.0,
          850.0,
          400.0
        ],
        [
          0.0,
          0.0,
          1.0
        ]
      ],
      "dist_coeffs": [
        0.0,
        0.0,
        0.0,
        0.0,
        0.0
      ],
      "rotation": [
        [
          0.6045796782389824,
          -0.7236003565384967,
          0.33299540038536424
        ],
        [
          0.679148501908208,
          0.2498250645569741,
          -0.6901773319045915
        ],
        [
          0.4162219660425017,
          0.6434205165647614,
          0.6424712552692535
        ]
      ],
      "translation": [
        -0.05503231027186754,
        0.06421885130046155,
        0.7483347654041869
      ],
      "rvec": [
        0.9084765933515385,
        -0.05669579246196716,
        0.955583803402265
      ],
      "tvec": [
        -0.05503231027186754,
        0.06421885130046155,
        0.7483347654041869
      ],
      "position": [
        -0.32181608753254587,
        -0.5373588193255046,
        -0.41813567444920796
      ],
      "euler_xyz_deg": [
        45.042296449202965,
        -24.59629310356082,
        48.32444459631835
      ],
      "marker_count": 4,
      "used_target_labels": [
        "short_small",
        "short_large",
        "long_small",
        "long_large"
      ],
      "missing_target_labels": [],
      "reprojection_error_px": 6.755231372506089,
      "size_error": 0.45395842865599745,
      "assigned_pixels": {
        "short_small": [
          600.9656084656085,
          477.8716931216931
        ],
        "short_large": [
          635.564705882353,
          546.5882352941177
        ],
        "long_small": [
          388.85714285714283,
          511.647619047619
        ],
        "long_large": [
          623.8864994026284,
          328.4755077658303
        ]
      }
    }
  ]
}
