{
  "created_at_unix": 1778568299.0659263,
  "source": "Camera_Tests/calibrate_mocap_cameras.py",
  "frame_width": 1280,
  "frame_height": 800,
  "focal_length_px": 850.0,
  "dist_coeffs": [
    0.0,
    0.0,
    0.0,
    0.0,
    0.0
  ],
  "target": {
    "name": "tetrahedral_ochem_reflective_target",
    "origin": "center carbon",
    "surface_gap_cm": {
      "short_small": 7.5,
      "short_large": 9.0,
      "long_small": 11.5,
      "long_large": 14.0
    },
    "points_m": {
      "short_small": [
        0.05427092530382483,
        0.05427092530382483,
        0.05427092530382483
      ],
      "short_large": [
        0.0646632301492381,
        -0.0646632301492381,
        -0.0646632301492381
      ],
      "long_small": [
        -0.07736493607140987,
        0.07736493607140987,
        -0.07736493607140987
      ],
      "long_large": [
        -0.09353074360871938,
        -0.09353074360871938,
        0.09353074360871938
      ]
    },
    "marker_radii_m": {
      "short_small": 0.008,
      "short_large": 0.011000000000000001,
      "long_small": 0.008,
      "long_large": 0.011000000000000001
    }
  },
  "cameras": [
    {
      "id": 0,
      "name": "camera_0",
      "intrinsic": [
        [
          850.0,
          0.0,
          640.0
        ],
        [
          0.0,
          850.0,
          400.0
        ],
        [
          0.0,
          0.0,
          1.0
        ]
      ],
      "dist_coeffs": [
        0.0,
        0.0,
        0.0,
        0.0,
        0.0
      ],
      "rotation": [
        [
          0.9525372572003021,
          -0.1787364732810025,
          -0.2464265545033553
        ],
        [
          -0.17274967913711853,
          0.3491645496487553,
          -0.9210003613607352
        ],
        [
          0.25065977340480516,
          0.9198572663123619,
          0.30171557402461074
        ]
      ],
      "translation": [
        0.09003314327536041,
        0.06390329515307029,
        1.8911666200674238
      ],
      "rvec": [
        1.22058839255446,
        -0.32959518043182773,
        0.00396956903716374
      ],
      "tvec": [
        0.09003314327536041,
        0.06390329515307029,
        1.8911666200674238
      ],
      "position": [
        -0.5487600460759678,
        -1.7458239160421618,
        -0.4895529071332523
      ],
      "euler_xyz_deg": [
        71.8403750879307,
        -14.51655760091562,
        -10.279288299875507
      ],
      "marker_count": 4,
      "used_target_labels": [
        "short_small",
        "short_large",
        "long_small",
        "long_large"
      ],
      "missing_target_labels": [],
      "reprojection_error_px": 0.6896364416884435,
      "size_error": 0.19160379660685137,
      "assigned_pixels": {
        "short_small": [
          691.0522875816993,
          409.5424836601307
        ],
        "short_large": [
          722.545029239766,
          441.87134502923976
        ],
        "long_small": [
          649.9573170731708,
          478.4817073170732
        ],
        "long_large": [
          637.9142857142857,
          381.4714285714286
        ]
      }
    },
    {
      "id": 2,
      "name": "camera_2",
      "intrinsic": [
        [
          850.0,
          0.0,
          640.0
        ],
        [
          0.0,
          850.0,
          400.0
        ],
        [
          0.0,
          0.0,
          1.0
        ]
      ],
      "dist_coeffs": [
        0.0,
        0.0,
        0.0,
        0.0,
        0.0
      ],
      "rotation": [
        [
          0.7007753442969529,
          0.7130968322070965,
          0.020169896422424727
        ],
        [
          -0.3188368595856106,
          0.3383698617111387,
          -0.8853524121247824
        ],
        [
          -0.638166885536278,
          0.6140022349973893,
          0.4644828109016933
        ]
      ],
      "translation": [
        -0.03338338683399874,
        0.22098227966884298,
        1.8468023720526792
      ],
      "rvec": [
        1.0196132435870287,
        0.4476918805793811,
        -0.7017507570173724
      ],
      "tvec": [
        -0.03338338683399874,
        0.22098227966884298,
        1.8468023720526792
      ],
      "position": [
        1.2724196684499456,
        -1.1849089400513149,
        -0.6614874231546284
      ],
      "euler_xyz_deg": [
        52.893080987183886,
        39.65526418795931,
        -24.464456584241795
      ],
      "marker_count": 4,
      "used_target_labels": [
        "short_small",
        "short_large",
        "long_small",
        "long_large"
      ],
      "missing_target_labels": [],
      "reprojection_error_px": 0.9620010984885378,
      "size_error": 0.05665081623033105,
      "assigned_pixels": {
        "short_small": [
          659.1875,
          480.09375
        ],
        "short_large": [
          622.911214953271,
          515.3006230529595
        ],
        "long_small": [
          625.9156118143459,
          551.6962025316456
        ],
        "long_large": [
          566.1120218579234,
          460.275956284153
        ]
      }
    }
  ]
}
